{
    "molecular_geometry": {
        "z-matrix": [
            "\nLi\nH 1 1.0\nsymmetry c1\n",
            "\nLi\nH 1 1.2222222222222223\nsymmetry c1\n",
            "\nLi\nH 1 1.4444444444444444\nsymmetry c1\n",
            "\nLi\nH 1 1.6666666666666665\nsymmetry c1\n",
            "\nLi\nH 1 1.8888888888888888\nsymmetry c1\n",
            "\nLi\nH 1 2.111111111111111\nsymmetry c1\n",
            "\nLi\nH 1 2.333333333333333\nsymmetry c1\n",
            "\nLi\nH 1 2.5555555555555554\nsymmetry c1\n",
            "\nLi\nH 1 2.7777777777777777\nsymmetry c1\n",
            "\nLi\nH 1 3.0\nsymmetry c1\n"
        ]
    },
    "return_results": {
        "casci_energies": [
            [
                -7.890760248927228,
                -7.772217675774184,
                -7.747414809198743
            ],
            [
                -7.961048469468439,
                -7.8430207547743755,
                -7.813385087723436
            ],
            [
                -7.985688099951058,
                -7.8690538958653375,
                -7.841277911631598
            ],
            [
                -7.9887281836596005,
                -7.874830276768244,
                -7.8502894026205805
            ],
            [
                -7.981828827627717,
                -7.872890120428746,
                -7.848920082049536
            ],
            [
                -7.970841991133098,
                -7.869498286468321,
                -7.840860855050929
            ],
            [
                -7.959960464232197,
                -7.868014625979128,
                -7.831743441399661
            ],
            [
                -7.949021304098262,
                -7.866486145873057,
                -7.821521466573841
            ],
            [
                -7.938595601770782,
                -7.864551135125651,
                -7.8113213977966955
            ],
            [
                -7.928997104850638,
                -7.86197395818892,
                -7.801913742979068
            ]
        ],
        "casscf_energies": [
            [
                -7.916826614715073,
                -7.799309476327743,
                -7.780702760648191
            ],
            [
                -7.98666112157626,
                -7.869598092603287,
                -7.846593191760406
            ],
            [
                -8.011853994484172,
                -7.896793116755685,
                -7.874378919077495
            ],
            [
                -8.016009902857803,
                -7.905127306949318,
                -7.882936649056765
            ],
            [
                -8.010550237720249,
                -7.906612731772196,
                -7.880785465840854
            ],
            [
                -8.001133070124839,
                -7.906009365885338,
                -7.873098639787988
            ],
            [
                -7.9904504157272145,
                -7.904721596891613,
                -7.863261772789895
            ],
            [
                -7.979736508100538,
                -7.902681759446466,
                -7.868089860849244
            ],
            [
                -7.9701504807043655,
                -7.90050136152074,
                -7.867870890056112
            ],
            [
                -7.961998959724095,
                -7.898051761199772,
                -7.867561270600786
            ]
        ]
    },
    "omega_value": 0.12086,
    "lambda_vector": [
        0,
        0,
        0.05
    ],
    "ci_level": "cas",
    "ignore_coupling": false,
    "number_of_photons": 1,
    "natural_orbitals": false,
    "photon_number_basis": false,
    "canonical_mos": false,
    "coherent_state_basis": true,
    "davidson_roots": 3,
    "davidson_threshold": 1e-05,
    "davidson_maxdim": 20,
    "spin_adaptation": "singlet",
    "davidson_maxiter": 100,
    "davidson_indim": 8,
    "test_mode": false,
    "nact_orbs": 12,
    "nact_els": 4,
    "basis": "6-311g",
    "scf_type": "pk",
    "e_convergence": 1e-10,
    "d_convergence": 1e-10
}
