{
    "molecular_geometry": {
        "z-matrix": [
            "\nLi\nH 1 1.0\nsymmetry c1\n",
            "\nLi\nH 1 1.2222222222222223\nsymmetry c1\n",
            "\nLi\nH 1 1.4444444444444444\nsymmetry c1\n",
            "\nLi\nH 1 1.6666666666666665\nsymmetry c1\n",
            "\nLi\nH 1 1.8888888888888888\nsymmetry c1\n",
            "\nLi\nH 1 2.111111111111111\nsymmetry c1\n",
            "\nLi\nH 1 2.333333333333333\nsymmetry c1\n",
            "\nLi\nH 1 2.5555555555555554\nsymmetry c1\n",
            "\nLi\nH 1 2.7777777777777777\nsymmetry c1\n",
            "\nLi\nH 1 3.0\nsymmetry c1\n"
        ]
    },
    "return_results": {
        "casci_energies": [
            [
                -7.882158319308326,
                -7.761867768603563,
                -7.71513465834391
            ],
            [
                -7.952782716769682,
                -7.832689572028181,
                -7.784952341962379
            ],
            [
                -7.97756319453442,
                -7.857972340543571,
                -7.816340477174895
            ],
            [
                -7.980476543095828,
                -7.8619686205912265,
                -7.8286672122628485
            ],
            [
                -7.973123063650005,
                -7.856956710948214,
                -7.830649713435834
            ],
            [
                -7.9612467872390695,
                -7.849841352843534,
                -7.825818749613368
            ],
            [
                -7.947727604,
                -7.844019751696294,
                -7.8161167419314355
            ],
            [
                -7.93409624174654,
                -7.840289589300559,
                -7.803879282932812
            ],
            [
                -7.921772758692014,
                -7.84002601050083,
                -7.791336763702232
            ],
            [
                -7.912737484940507,
                -7.842752709610774,
                -7.795360752820455
            ]
        ],
        "casscf_energies": [
            [
                -7.91295010725526,
                -7.795300563408972,
                -7.777971706087904
            ],
            [
                -7.983340817117691,
                -7.866030707525181,
                -7.843913306050046
            ],
            [
                -8.008963311620686,
                -7.893585980250622,
                -7.8717556075597654
            ],
            [
                -8.013457665724475,
                -7.902227395716134,
                -7.880439215386579
            ],
            [
                -8.008270142805612,
                -7.904025967142035,
                -7.878474073832978
            ],
            [
                -7.999078013803177,
                -7.90373870757034,
                -7.871021435210563
            ],
            [
                -7.988678669578128,
                -7.902662787892269,
                -7.861373732310662
            ],
            [
                -7.9784011637534995,
                -7.901090497411412,
                -7.851263789452505
            ],
            [
                -7.9688896327265795,
                -7.899019186021621,
                -7.841622656351301
            ],
            [
                -7.959120698569963,
                -7.894157797360886,
                -7.866375506225302
            ]
        ]
    },
    "omega_value": 0.12086,
    "lambda_vector": [
        0,
        0,
        0.05
    ],
    "ci_level": "cas",
    "ignore_coupling": false,
    "number_of_photons": 1,
    "natural_orbitals": false,
    "photon_number_basis": false,
    "canonical_mos": false,
    "coherent_state_basis": true,
    "davidson_roots": 3,
    "davidson_threshold": 1e-06,
    "davidson_maxdim": 20,
    "spin_adaptation": "singlet",
    "davidson_maxiter": 100,
    "davidson_indim": 8,
    "test_mode": false,
    "nact_orbs": 6,
    "nact_els": 4,
    "basis": "6-311g",
    "scf_type": "pk",
    "e_convergence": 1e-10,
    "d_convergence": 1e-10
}
