{
    "molecular_geometry": {
        "z-matrix": "\nLi\nH 1 3.0\nsymmetry c1\n"
    },
    "return_results": {
        "casci_energies": [
            -3.703335325311266,
            -3.6359804994346145,
            -3.574182057242937
        ],
        "casscf_energies": [
            -7.959120643109522,
            -7.894157856464403,
            -7.8663755024464095
        ]
    }
}