{
    "molecular_geometry": {
        "z-matrix": "\nLi\nH 1 1.0\nsymmetry c1\n"
    },
    "return_results": {
        "casci_energies": [
            -7.882158319308323,
            -7.761867768603561,
            -7.7151346583439135
        ],
        "casscf_energies": [
            -7.912950107447062,
            -7.795300563553398,
            -7.777971705751942
        ]
    }
}