{
    "molecular_geometry": {
        "z-matrix": "\nLi\nH 1 2.4\nsymmetry c1\n"
    },
    "return_results": {
        "casci_energies": [
            -3.2788982472644634,
            -3.246893610025661,
            -3.2171617970519946
        ],
        "casscf_energies": [
            -7.98355023100543,
            -7.901186608731665,
            -7.866737636119794
        ]
    }
}