{
    "molecular_geometry": {
        "z-matrix": "\nLi\nH 1 1.4\nsymmetry c1\n"
    },
    "return_results": {
        "casci_energies": [
            -7.974885838537413,
            -7.8551611324687505,
            -7.812005244367834
        ],
        "casscf_energies": [
            -8.006050684046473,
            -7.890144041390547,
            -7.868108952966675
        ]
    }
}