{
    "molecular_geometry": {
        "z-matrix": "\nLi\nH 1 2.3\nsymmetry c1\n"
    },
    "return_results": {
        "casci_energies": [
            -4.203487420394012,
            -4.098978952809294,
            -4.0540041276041885
        ],
        "casscf_energies": [
            -7.9881444412593945,
            -7.901943443410727,
            -7.866472605419633
        ]
    }
}