{
    "molecular_geometry": {
        "z-matrix": "\nLi\nH 1 2.8\nsymmetry c1\n"
    },
    "return_results": {
        "casci_energies": [
            -5.416138503448286,
            -5.284562071022155,
            -5.191689729125791
        ],
        "casscf_energies": [
            -7.966428308781665,
            -7.8970198384390935,
            -7.866777721621433
        ]
    }
}