{
    "molecular_geometry": {
        "z-matrix": "\nLi\nH 1 2.6\nsymmetry c1\n"
    },
    "return_results": {
        "casci_energies": [
            -3.076977159344736,
            -2.9603494312192438,
            -2.9212369621823226
        ],
        "casscf_energies": [
            -7.974644250133899,
            -7.899339763498189,
            -7.86692245982348
        ]
    }
}