{
    "molecular_geometry": {
        "z-matrix": "\nLi\nH 1 2.7\nsymmetry c1\n"
    },
    "return_results": {
        "casci_energies": [
            -4.287917036157131,
            -4.242991891028768,
            -4.199023719970307
        ],
        "casscf_energies": [
            -7.9704328063481755,
            -7.8982430659894804,
            -7.866885223281898
        ]
    }
}