{
    "molecular_geometry": {
        "z-matrix": "\nLi\nH 1 2.1\nsymmetry c1\n"
    },
    "return_results": {
        "casci_energies": [
            -7.961896190621342,
            -7.8501799899194555,
            -7.82619377466753
        ],
        "casscf_energies": [
            -7.9995818929224605,
            -7.903776414816775,
            -7.871466011114172
        ]
    }
}