{
    "molecular_geometry": {
        "z-matrix": "\nLi\nH 1 2.0\nsymmetry c1\n"
    },
    "return_results": {
        "casci_energies": [
            -7.967524905109281,
            -7.853364992041742,
            -7.828968846039118
        ],
        "casscf_energies": [
            -8.003952952651591,
            -7.904021847230122,
            -7.8751832650798494
        ]
    }
}