{
    "molecular_geometry": {
        "z-matrix": "\nLi\nH 1 1.3\nsymmetry c1\n"
    },
    "return_results": {
        "casci_energies": [
            -7.965069981587156,
            -7.845109745107997,
            -7.79900163591339
        ],
        "casscf_energies": [
            -7.995822038730079,
            -7.879000630109952,
            -7.856678223194094
        ]
    }
}