{
    "molecular_geometry": {
        "z-matrix": [
            "\nLi\nH 1 1.0\nsymmetry c1\n",
            "\nLi\nH 1 1.2222222222222223\nsymmetry c1\n",
            "\nLi\nH 1 1.4444444444444444\nsymmetry c1\n",
            "\nLi\nH 1 1.6666666666666665\nsymmetry c1\n",
            "\nLi\nH 1 1.8888888888888888\nsymmetry c1\n",
            "\nLi\nH 1 2.111111111111111\nsymmetry c1\n",
            "\nLi\nH 1 2.333333333333333\nsymmetry c1\n",
            "\nLi\nH 1 2.5555555555555554\nsymmetry c1\n",
            "\nLi\nH 1 2.7777777777777777\nsymmetry c1\n",
            "\nLi\nH 1 3.0\nsymmetry c1\n"
        ]
    },
    "return_results": {
        "casci_energies": [
            [
                -7.8816454383913515,
                -7.7611002912365965,
                -7.709694803935019
            ],
            [
                -7.952265316859364,
                -7.831914993297392,
                -7.779424086009017
            ],
            [
                -7.977071421890806,
                -7.857136030737043,
                -7.8112770457181835
            ],
            [
                -7.980038156779836,
                -7.8609694928641405,
                -7.82434299041404
            ],
            [
                -7.972769561441505,
                -7.855587957733211,
                -7.827350127756248
            ],
            [
                -7.961003509751546,
                -7.847877501540777,
                -7.8237646673297885
            ],
            [
                -7.947580530947472,
                -7.841520832516179,
                -7.815044121080213
            ],
            [
                -7.9338843146929925,
                -7.836840809861378,
                -7.803354431397398
            ],
            [
                -7.920586522756708,
                -7.833019671223086,
                -7.79068977393233
            ],
            [
                -7.90801923432603,
                -7.829604228678964,
                -7.784214438938376
            ]
        ],
        "casscf_energies": [
            [
                -7.910812323730864,
                -7.793321529263636,
                -7.775593606989596
            ],
            [
                -7.96965050356973,
                -7.852350691066324,
                -7.830045939600954
            ],
            [
                -7.995263323546689,
                -7.87989594512106,
                -7.857913783478362
            ],
            [
                -7.99973601340265,
                -7.888510810168871,
                -7.866607533676319
            ],
            [
                -7.994528346272323,
                -7.890279519204245,
                -7.864651993503418
            ],
            [
                -7.985321579018372,
                -7.889970793570705,
                -7.857202606494722
            ],
            [
                -7.974913605444948,
                -7.888881487970562,
                -7.8475524961050045
            ],
            [
                -7.964633059408763,
                -7.887300310693842,
                -7.837438128167192
            ],
            [
                -7.955123128133879,
                -7.885221916000963,
                -7.827791448325289
            ],
            [
                -7.95918283532727,
                -7.89360776654601,
                -7.826986934105645
            ]
        ]
    },
    "omega_value": 0.12086,
    "lambda_vector": [
        0,
        0,
        0.05
    ],
    "ci_level": "cas",
    "ignore_coupling": false,
    "number_of_photons": 1,
    "natural_orbitals": false,
    "photon_number_basis": false,
    "canonical_mos": false,
    "coherent_state_basis": true,
    "davidson_roots": 3,
    "davidson_threshold": 1e-06,
    "davidson_maxdim": 20,
    "spin_adaptation": "singlet",
    "davidson_maxiter": 100,
    "davidson_indim": 8,
    "test_mode": false,
    "nact_orbs": 5,
    "nact_els": 4,
    "basis": "6-311g",
    "scf_type": "pk",
    "e_convergence": 1e-10,
    "d_convergence": 1e-10
}