{
    "level_of_theory": "qed-casscf",
    "basis_set": "6-31G",
    "molecular_z_matrix": "O\nH 1  0.9",
    "molecular_charge": -1,
    "spin_multiplicity": 1,
    "cavity_frequency": 0.219,
    "coupling_vector": [
        0,
        0,
        0.05
    ],
    "photon_state_type": "coherent state",
    "n_photon_states": [
        1,
        5,
        20,
        50
    ],
    "energies": {
        "1": {
            "energy_center": -75.34516333498183,
            "energy_displaced": -75.34516333498195,
            "error": -1.1368683772161603e-13
        },
        "5": {
            "energy_center": -75.34516370551906,
            "energy_displaced": -75.34516370551928,
            "error": -2.2737367544323206e-13
        },
        "20": {
            "energy_center": -75.34516370551844,
            "energy_displaced": -75.34516370551967,
            "error": -1.2221335055073723e-12
        },
        "50": {
            "energy_center": -75.34516370551779,
            "energy_displaced": -75.34516370551947,
            "error": -1.6768808563938364e-12
        }
    }
}