{
    "level_of_theory": "qed-casscf",
    "basis_set": "6-31G",
    "molecular_z_matrix": "O\nH 1  0.9",
    "molecular_charge": -1,
    "spin_multiplicity": 1,
    "cavity_frequency": 0.219,
    "coupling_vector": [
        0,
        0,
        0.05
    ],
    "photon_state_type": "coherent state",
    "n_photon_states": [
        1,
        5,
        20,
        50
    ],
    "energies": {
        "1": {
            "energy_center": -75.38273409971276,
            "energy_displaced": -75.38273409971224,
            "error": 5.258016244624741e-13
        },
        "5": {
            "energy_center": -75.38273441715077,
            "energy_displaced": -75.38273441715015,
            "error": 6.252776074688882e-13
        },
        "20": {
            "energy_center": -75.38273441715059,
            "energy_displaced": -75.38273441714944,
            "error": 1.1510792319313623e-12
        },
        "50": {
            "energy_center": -75.38273441715187,
            "energy_displaced": -75.38273441715069,
            "error": 1.1795009413617663e-12
        }
    }
}