{
    "level_of_theory": "qed-casci",
    "basis_set": "6-31G",
    "molecular_z_matrix": "O\nH 1  0.9",
    "molecular_charge": -1,
    "spin_multiplicity": 1,
    "cavity_frequency": 0.219,
    "coupling_vector": [
        0,
        0,
        0.05
    ],
    "photon_state_type": "coherent state",
    "n_photon_states": [
        1,
        5,
        20,
        50
    ],
    "energies": {
        "1": {
            "energy_center": -75.29983471438925,
            "energy_displaced": -75.29990275262244,
            "error": -6.803823319501134e-05
        },
        "5": {
            "energy_center": -75.29983471878658,
            "energy_displaced": -75.29990275786754,
            "error": -6.803908095776023e-05
        },
        "20": {
            "energy_center": -75.29983471878658,
            "energy_displaced": -75.29990275786761,
            "error": -6.803908102881451e-05
        },
        "50": {
            "energy_center": -75.29983471878658,
            "energy_displaced": -75.29990275786761,
            "error": -6.803908102881451e-05
        }
    }
}