{
    "level_of_theory": "qed-casci",
    "basis_set": "6-31G",
    "molecular_z_matrix": "O\nH 1  0.9",
    "molecular_charge": -1,
    "spin_multiplicity": 1,
    "cavity_frequency": 0.219,
    "coupling_vector": [
        0,
        0,
        0.05
    ],
    "photon_state_type": "photon number",
    "n_photon_states": [
        1,
        5,
        20,
        50
    ],
    "energies": {
        "1": {
            "energy_center": -75.32305042779683,
            "energy_displaced": -74.18184310860475,
            "error": 1.1412073191920769
        },
        "5": {
            "energy_center": -75.32310112156154,
            "energy_displaced": -74.97161682221959,
            "error": 0.3514842993419478
        },
        "20": {
            "energy_center": -75.32310112156176,
            "energy_displaced": -75.3230075602438,
            "error": 9.3561317967783e-05
        },
        "50": {
            "energy_center": -75.32310112156173,
            "energy_displaced": -75.32310112156185,
            "error": -1.1368683772161603e-13
        }
    }
}