{
    "level_of_theory": "qed-casci",
    "basis_set": "6-31G",
    "molecular_z_matrix": "O\nH 1  0.9",
    "molecular_charge": -1,
    "spin_multiplicity": 1,
    "cavity_frequency": 0.219,
    "coupling_vector": [
        0,
        0,
        0.05
    ],
    "photon_state_type": "photon number",
    "n_photon_states": [
        1,
        5,
        20,
        50
    ],
    "energies": {
        "1": {
            "energy_center": -75.29979537082967,
            "energy_displaced": -74.14548290178331,
            "error": 1.15431246904636
        },
        "5": {
            "energy_center": -75.29982101850139,
            "energy_displaced": -74.94611878983243,
            "error": 0.35370222866896484
        },
        "20": {
            "energy_center": -75.29982101850132,
            "energy_displaced": -75.29974004007977,
            "error": 8.097842155052604e-05
        },
        "50": {
            "energy_center": -75.29982101850132,
            "energy_displaced": -75.29982101850138,
            "error": -5.684341886080802e-14
        }
    }
}