{
    "level_of_theory": "qed-casscf",
    "basis_set": "6-31G",
    "molecular_z_matrix": "O\nH 1  0.9",
    "molecular_charge": -1,
    "spin_multiplicity": 1,
    "cavity_frequency": 0.219,
    "coupling_vector": [
        0,
        0,
        0.05
    ],
    "photon_state_type": "photon number",
    "n_photon_states": [
        1,
        5,
        20,
        50
    ],
    "energies": {
        "1": {
            "energy_center": -75.34512888637886,
            "energy_displaced": -74.20701902750906,
            "error": 1.1381098588697967
        },
        "5": {
            "energy_center": -75.3451637055184,
            "energy_displaced": -74.99559303534974,
            "error": 0.34957067016866006
        },
        "20": {
            "energy_center": -75.34516370551879,
            "energy_displaced": -75.34507927636825,
            "error": 8.442915053308298e-05
        },
        "50": {
            "energy_center": -75.34516370551856,
            "energy_displaced": -75.34516370551832,
            "error": 2.4158453015843406e-13
        }
    }
}