{
    "molecular_geometry": {
        "z-matrix": [
            "\nLi\nH 1 1.0\nsymmetry c1\n",
            "\nLi\nH 1 1.2222222222222223\nsymmetry c1\n",
            "\nLi\nH 1 1.4444444444444444\nsymmetry c1\n",
            "\nLi\nH 1 1.6666666666666665\nsymmetry c1\n",
            "\nLi\nH 1 1.8888888888888888\nsymmetry c1\n",
            "\nLi\nH 1 2.111111111111111\nsymmetry c1\n",
            "\nLi\nH 1 2.333333333333333\nsymmetry c1\n",
            "\nLi\nH 1 2.5555555555555554\nsymmetry c1\n",
            "\nLi\nH 1 2.7777777777777777\nsymmetry c1\n",
            "\nLi\nH 1 3.0\nsymmetry c1\n"
        ]
    },
    "return_results": {
        "casci_energies": [
            [
                -7.881612892780556,
                -7.761065671972588,
                -7.709633638744238
            ],
            [
                -7.95222971430152,
                -7.831876417201141,
                -7.779361357706242
            ],
            [
                -7.9770287576733745,
                -7.857087846225597,
                -7.811209702739017
            ],
            [
                -7.979986676209552,
                -7.860906728823179,
                -7.824273324893941
            ],
            [
                -7.972709011840927,
                -7.855504117476899,
                -7.82728541512467
            ],
            [
                -7.960934995871193,
                -7.847767254975208,
                -7.8237136347525995
            ],
            [
                -7.947506201394699,
                -7.841392128244053,
                -7.815004075334923
            ],
            [
                -7.933806801771494,
                -7.836707390638005,
                -7.803317799288319
            ],
            [
                -7.920508394243113,
                -7.832889356446921,
                -7.790654992659012
            ],
            [
                -7.907942631608955,
                -7.829481676884596,
                -7.784214046496842
            ]
        ],
        "casscf_energies": [
            [
                -7.897162805270417,
                -7.779735211202382,
                -7.761832932300621
            ],
            [
                -7.967138294721662,
                -7.850019693287484,
                -7.828164042535639
            ],
            [
                -7.9924851853995795,
                -7.877416147447004,
                -7.856050391599316
            ],
            [
                -7.997005289054298,
                -7.886313202133258,
                -7.864494056224651
            ],
            [
                -7.992058316812471,
                -7.888450055762172,
                -7.862208954497773
            ],
            [
                -7.983158343039321,
                -7.888273652899424,
                -7.854460827597179
            ],
            [
                -7.973009343567216,
                -7.887098397076615,
                -7.844452018428658
            ],
            [
                -7.96294579308195,
                -7.885286016526885,
                -7.83380208856581
            ],
            [
                -7.9536385578168645,
                -7.88286944213735,
                -7.823258726746104
            ],
            [
                -7.9454190284604005,
                -7.879775699582086,
                -7.813145090569748
            ]
        ]
    },
    "omega_value": 0.12086,
    "lambda_vector": [
        0,
        0,
        0.05
    ],
    "ci_level": "cas",
    "ignore_coupling": false,
    "number_of_photons": 1,
    "natural_orbitals": false,
    "photon_number_basis": false,
    "canonical_mos": false,
    "coherent_state_basis": true,
    "davidson_roots": 3,
    "davidson_threshold": 1e-05,
    "davidson_maxdim": 20,
    "spin_adaptation": "singlet",
    "davidson_maxiter": 100,
    "davidson_indim": 8,
    "test_mode": false,
    "nact_orbs": 4,
    "nact_els": 4,
    "basis": "6-311g",
    "scf_type": "pk",
    "e_convergence": 1e-10,
    "d_convergence": 1e-10
}
