{
    "molecular_geometry": {
        "z-matrix": "\nLi\nH 1 2.2\nsymmetry c1\n"
    },
    "return_results": {
        "casci_energies": [
            -7.958012265025021,
            -7.8579925913122635,
            -7.8272285838415385
        ],
        "casscf_energies": [
            -7.995431448550157,
            -7.904196100585325,
            -7.8679488087050204
        ]
    }
}