{
    "molecular_geometry": {
        "z-matrix": "\nLi\nH 1 1.0\nsymmetry c1\n"
    },
    "return_results": {
        "casci_energies": [
            -7.8823819543400315,
            -7.762765942535362,
            -7.730663392743231
        ],
        "casscf_energies": [
            -7.913980089523645,
            -7.796284364712255,
            -7.778302734549143
        ]
    }
}