{
    "molecular_geometry": {
        "z-matrix": "\nLi\nH 1 1.4\nsymmetry c1\n"
    },
    "return_results": {
        "casci_energies": [
            -7.975201005877751,
            -7.8562895744539425,
            -7.823184990867085
        ],
        "casscf_energies": [
            -8.006561744017418,
            -7.8909322518083025,
            -7.869266400029786
        ]
    }
}