{
    "molecular_geometry": {
        "z-matrix": "\nLi\nH 1 2.8\nsymmetry c1\n"
    },
    "return_results": {
        "casci_energies": [
            -7.9283966130022945,
            -7.857072575229328,
            -7.798734307517906
        ],
        "casscf_energies": [
            -7.968432183886582,
            -7.899392215192679,
            -7.841196199793364
        ]
    }
}