{
    "molecular_geometry": {
        "z-matrix": "\nLi\nH 1 2.5\nsymmetry c1\n"
    },
    "return_results": {
        "casci_energies": [
            -7.941782132180391,
            -7.8567070158026775,
            -7.812049974420947
        ],
        "casscf_energies": [
            -7.981359238713229,
            -7.902210501807956,
            -7.854299134128014
        ]
    }
}