{
    "molecular_geometry": {
        "z-matrix": "\nLi\nH 1 2.3\nsymmetry c1\n"
    },
    "return_results": {
        "casci_energies": [
            -7.952457404134731,
            -7.857315829334953,
            -7.822245732236262
        ],
        "casscf_energies": [
            -7.9907100155673785,
            -7.9036247473589905,
            -7.863475396750274
        ]
    }
}