{
    "molecular_geometry": {
        "z-matrix": "\nLi\nH 1 1.3\nsymmetry c1\n"
    },
    "return_results": {
        "casci_energies": [
            -7.965334952081136,
            -7.846064230249829,
            -7.810871075119274
        ],
        "casscf_energies": [
            -7.9963456167777345,
            -7.879692205428614,
            -7.857860353684888
        ]
    }
}