{
    "level_of_theory": "qed-casci",
    "basis_set": "6-31G",
    "molecular_z_matrix": "O\nH 1  0.9",
    "molecular_charge": -1,
    "spin_multiplicity": 1,
    "cavity_frequency": 0.219,
    "coupling_vector": [
        0,
        0,
        0.05
    ],
    "photon_state_type": "coherent state",
    "n_photon_states": [
        1,
        5,
        20,
        50
    ],
    "energies": {
        "1": {
            "energy_center": -75.32310590708371,
            "energy_displaced": -75.3313758106145,
            "error": -0.00826990353078827
        },
        "5": {
            "energy_center": -75.32311090118088,
            "energy_displaced": -75.33138059380555,
            "error": -0.008269692624665481
        },
        "20": {
            "energy_center": -75.32311090118075,
            "energy_displaced": -75.33138059380565,
            "error": -0.008269692624892855
        },
        "50": {
            "energy_center": -75.32311090118073,
            "energy_displaced": -75.33138059380565,
            "error": -0.008269692624921277
        }
    }
}
