{
    "molecular_geometry": {
        "z-matrix": [
            "\nLi\nH 1 1.0\nsymmetry c1\n",
            "\nLi\nH 1 1.2222222222222223\nsymmetry c1\n",
            "\nLi\nH 1 1.4444444444444444\nsymmetry c1\n",
            "\nLi\nH 1 1.6666666666666665\nsymmetry c1\n",
            "\nLi\nH 1 1.8888888888888888\nsymmetry c1\n",
            "\nLi\nH 1 2.111111111111111\nsymmetry c1\n",
            "\nLi\nH 1 2.333333333333333\nsymmetry c1\n",
            "\nLi\nH 1 2.5555555555555554\nsymmetry c1\n",
            "\nLi\nH 1 2.7777777777777777\nsymmetry c1\n",
            "\nLi\nH 1 3.0\nsymmetry c1\n"
        ]
    },
    "return_results": {
        "casci_energies": [
            [
                -7.889879966355461,
                -7.7713379714694675,
                -7.746964050969362
            ],
            [
                -7.96037764703445,
                -7.842343068105884,
                -7.8129672257366956
            ],
            [
                -7.985149121732456,
                -7.8685022159162,
                -7.8408831066313285
            ],
            [
                -7.988264655323847,
                -7.874347614090601,
                -7.849913941673766
            ],
            [
                -7.981404294919557,
                -7.872442842219464,
                -7.84855879993798
            ],
            [
                -7.97043483416115,
                -7.869073036323699,
                -7.840507816343043
            ],
            [
                -7.95955944129606,
                -7.867602648470226,
                -7.83139365848476
            ],
            [
                -7.948620331053529,
                -7.866083038456091,
                -7.821175238776186
            ],
            [
                -7.938191178321772,
                -7.864155628298101,
                -7.810980869733937
            ],
            [
                -7.928586641761204,
                -7.8615866100311,
                -7.8015819788188985
            ]
        ],
        "casscf_energies": [
            [
                -7.91650466574282,
                -7.798965180065134,
                -7.78042738784724
            ],
            [
                -7.98632096683065,
                -7.8692367551495614,
                -7.846338347060575
            ],
            [
                -8.011486760230047,
                -7.896406134293303,
                -7.874209641746358
            ],
            [
                -8.015683165312229,
                -7.904800451328994,
                -7.882796185082496
            ],
            [
                -8.010280290695183,
                -7.906371020271966,
                -7.880651804466969
            ],
            [
                -8.000916620818288,
                -7.905838339964651,
                -7.8729782721594805
            ],
            [
                -7.990354044917875,
                -7.904553778062147,
                -7.863137323372189
            ],
            [
                -7.979908958743792,
                -7.902870240170754,
                -7.868207731491967
            ],
            [
                -7.970332112082717,
                -7.90069710449014,
                -7.868030671333427
            ],
            [
                -7.961878488673125,
                -7.897967393992633,
                -7.8675512755138035
            ]
        ]
    },
    "omega_value": 0.12086,
    "lambda_vector": [
        0,
        0,
        0.05
    ],
    "ci_level": "cas",
    "ignore_coupling": false,
    "number_of_photons": 1,
    "natural_orbitals": false,
    "photon_number_basis": false,
    "canonical_mos": false,
    "coherent_state_basis": true,
    "davidson_roots": 3,
    "davidson_threshold": 1e-05,
    "davidson_maxdim": 20,
    "spin_adaptation": "singlet",
    "davidson_maxiter": 100,
    "davidson_indim": 8,
    "test_mode": false,
    "nact_orbs": 11,
    "nact_els": 4,
    "basis": "6-311g",
    "scf_type": "pk",
    "e_convergence": 1e-10,
    "d_convergence": 1e-10
}
