{
    "molecular_geometry": {
        "z-matrix": [
            "\nLi\nH 1 1.0\nsymmetry c1\n",
            "\nLi\nH 1 1.2222222222222223\nsymmetry c1\n",
            "\nLi\nH 1 1.4444444444444444\nsymmetry c1\n",
            "\nLi\nH 1 1.6666666666666665\nsymmetry c1\n",
            "\nLi\nH 1 1.8888888888888888\nsymmetry c1\n",
            "\nLi\nH 1 2.111111111111111\nsymmetry c1\n",
            "\nLi\nH 1 2.333333333333333\nsymmetry c1\n",
            "\nLi\nH 1 2.5555555555555554\nsymmetry c1\n",
            "\nLi\nH 1 2.7777777777777777\nsymmetry c1\n",
            "\nLi\nH 1 3.0\nsymmetry c1\n"
        ]
    },
    "return_results": {
        "casci_energies": [
            [
                -7.883650967990941,
                -7.764131001534696,
                -7.731472308210402
            ],
            [
                -7.954127849466464,
                -7.834761084146572,
                -7.798163672464904
            ],
            [
                -7.978882761557275,
                -7.86029620613942,
                -7.827814211618272
            ],
            [
                -7.981875579630534,
                -7.8652514067888815,
                -7.838769578101763
            ],
            [
                -7.974768632900929,
                -7.862661072837208,
                -7.838815589691409
            ],
            [
                -7.963442629950461,
                -7.859474448020654,
                -7.831573141857167
            ],
            [
                -7.951007832593224,
                -7.857593595342659,
                -7.820736377562185
            ],
            [
                -7.939282567830567,
                -7.856960801092847,
                -7.8094628835490365
            ],
            [
                -7.929415313642987,
                -7.857168558292206,
                -7.799668482168516
            ],
            [
                -7.921781880529164,
                -7.857292298005933,
                -7.792118847605301
            ]
        ],
        "casscf_energies": [
            [
                -7.915818572998895,
                -7.798002685579918,
                -7.779621076929971
            ],
            [
                -7.985499565740868,
                -7.86807403922676,
                -7.845462964956951
            ],
            [
                -8.010628494965966,
                -7.895534342412295,
                -7.873729165031233
            ],
            [
                -8.014952753948213,
                -7.904073282438907,
                -7.88233799207466
            ],
            [
                -8.009645664792043,
                -7.905766781047256,
                -7.880204612592063
            ],
            [
                -8.000354197391234,
                -7.905322515889399,
                -7.872550616568184
            ],
            [
                -7.989863162952173,
                -7.904085055418185,
                -7.862721060723572
            ],
            [
                -7.979146642982988,
                -7.90233803900975,
                -7.867880948596485
            ],
            [
                -7.969946173827828,
                -7.900232606705152,
                -7.8427643797692275
            ],
            [
                -7.961282213309271,
                -7.897422025817045,
                -7.8672482669414014
            ]
        ]
    },
    "omega_value": 0.12086,
    "lambda_vector": [
        0,
        0,
        0.05
    ],
    "ci_level": "cas",
    "ignore_coupling": false,
    "number_of_photons": 1,
    "natural_orbitals": false,
    "photon_number_basis": false,
    "canonical_mos": false,
    "coherent_state_basis": true,
    "davidson_roots": 3,
    "davidson_threshold": 1e-05,
    "davidson_maxdim": 20,
    "spin_adaptation": "singlet",
    "davidson_maxiter": 100,
    "davidson_indim": 8,
    "test_mode": false,
    "nact_orbs": 9,
    "nact_els": 4,
    "basis": "6-311g",
    "scf_type": "pk",
    "e_convergence": 1e-10,
    "d_convergence": 1e-10
}
