{
    "molecular_geometry": {
        "z-matrix": [
            "\nLi\nH 1 1.0\nsymmetry c1\n",
            "\nLi\nH 1 1.2222222222222223\nsymmetry c1\n",
            "\nLi\nH 1 1.4444444444444444\nsymmetry c1\n",
            "\nLi\nH 1 1.6666666666666665\nsymmetry c1\n",
            "\nLi\nH 1 1.8888888888888888\nsymmetry c1\n",
            "\nLi\nH 1 2.111111111111111\nsymmetry c1\n",
            "\nLi\nH 1 2.333333333333333\nsymmetry c1\n",
            "\nLi\nH 1 2.5555555555555554\nsymmetry c1\n",
            "\nLi\nH 1 2.7777777777777777\nsymmetry c1\n",
            "\nLi\nH 1 3.0\nsymmetry c1\n"
        ]
    },
    "return_results": {
        "casci_energies": [
            [
                -7.883026274360561,
                -7.763459517973879,
                -7.731079235451035
            ],
            [
                -7.953583816248109,
                -7.834174727275521,
                -7.7978386780698745
            ],
            [
                -7.97840284518294,
                -7.859763638134157,
                -7.827541935454183
            ],
            [
                -7.981464996802812,
                -7.8647700566370125,
                -7.838553858390163
            ],
            [
                -7.974433220712766,
                -7.862246624860734,
                -7.838653499896597
            ],
            [
                -7.963182624425348,
                -7.8591557452209875,
                -7.831445612047138
            ],
            [
                -7.950817532224425,
                -7.857374767954403,
                -7.820639544273084
            ],
            [
                -7.939152331047205,
                -7.856828065432796,
                -7.809397085714994
            ],
            [
                -7.92933332797828,
                -7.857098794390894,
                -7.799628707004983
            ],
            [
                -7.921734242289397,
                -7.857258231407876,
                -7.792097232022384
            ]
        ],
        "casscf_energies": [
            [
                -7.914974315401386,
                -7.797235980666004,
                -7.778620069777052
            ],
            [
                -7.984804113058298,
                -7.867390529431919,
                -7.845200162308731
            ],
            [
                -8.010131011387864,
                -7.895044525149699,
                -7.873419596964456
            ],
            [
                -8.014355310250352,
                -7.903577998343327,
                -7.881777427841747
            ],
            [
                -8.00911569142108,
                -7.905357595154635,
                -7.879642959373421
            ],
            [
                -7.999895837455415,
                -7.9049552726691275,
                -7.872030235175209
            ],
            [
                -7.9895246649535,
                -7.903747063199144,
                -7.862418185729065
            ],
            [
                -7.979175239441911,
                -7.902053778274054,
                -7.852182551662734
            ],
            [
                -7.969608138240122,
                -7.899904660331372,
                -7.842470702797249
            ],
            [
                -7.961146212524826,
                -7.897195414339851,
                -7.833945982451797
            ]
        ]
    },
    "omega_value": 0.12086,
    "lambda_vector": [
        0,
        0,
        0.05
    ],
    "ci_level": "cas",
    "ignore_coupling": false,
    "number_of_photons": 1,
    "natural_orbitals": false,
    "photon_number_basis": false,
    "canonical_mos": false,
    "coherent_state_basis": true,
    "davidson_roots": 3,
    "davidson_threshold": 1e-05,
    "davidson_maxdim": 20,
    "spin_adaptation": "singlet",
    "davidson_maxiter": 100,
    "davidson_indim": 8,
    "test_mode": false,
    "nact_orbs": 8,
    "nact_els": 4,
    "basis": "6-311g",
    "scf_type": "pk",
    "e_convergence": 1e-10,
    "d_convergence": 1e-10
}
