{
    "molecular_geometry": {
        "z-matrix": [
            "\nLi\nH 1 1.0\nsymmetry c1\n",
            "\nLi\nH 1 1.2222222222222223\nsymmetry c1\n",
            "\nLi\nH 1 1.4444444444444444\nsymmetry c1\n",
            "\nLi\nH 1 1.6666666666666665\nsymmetry c1\n",
            "\nLi\nH 1 1.8888888888888888\nsymmetry c1\n",
            "\nLi\nH 1 2.111111111111111\nsymmetry c1\n",
            "\nLi\nH 1 2.333333333333333\nsymmetry c1\n",
            "\nLi\nH 1 2.5555555555555554\nsymmetry c1\n",
            "\nLi\nH 1 2.7777777777777777\nsymmetry c1\n",
            "\nLi\nH 1 3.0\nsymmetry c1\n"
        ]
    },
    "return_results": {
        "casci_energies": [
            [
                -7.903154169536783,
                -7.785791918549464,
                -7.767160996424119
            ],
            [
                -7.972974347724644,
                -7.856047921112756,
                -7.833145358142081
            ],
            [
                -7.998222678721162,
                -7.883279723601492,
                -7.860953552961128
            ],
            [
                -8.002403090566425,
                -7.891631966351054,
                -7.869481517934788
            ],
            [
                -7.996954436937805,
                -7.893138674040967,
                -7.867288857730251
            ],
            [
                -7.9875502615231575,
                -7.892563274711146,
                -7.859567930930737
            ],
            [
                -7.976974385635194,
                -7.891238661332343,
                -7.849672410085175
            ],
            [
                -7.966561104102843,
                -7.889471576365503,
                -7.839379271295764
            ],
            [
                -7.956957291877482,
                -7.887250598507769,
                -7.82962007447529
            ],
            [
                -7.948482692673683,
                -7.88446757634285,
                -7.82104813223218
            ]
        ],
        "casscf_energies": [
            [
                -7.916935130619507,
                -7.799502841653395,
                -7.781047119429683
            ],
            [
                -7.986754778442215,
                -7.8697672258656715,
                -7.84694671128028
            ],
            [
                -8.011941157861685,
                -7.896952178539012,
                -7.874735457399479
            ],
            [
                -8.016094716958833,
                -7.905302937558803,
                -7.883263422205864
            ],
            [
                -8.010636503038002,
                -7.906830786263614,
                -7.881051275841006
            ],
            [
                -8.0012247981352,
                -7.906268479017596,
                -7.873308614129731
            ],
            [
                -7.99064367641963,
                -7.9049498049837865,
                -7.868202942429934
            ],
            [
                -7.980227934925748,
                -7.90318704097641,
                -7.868387122888387
            ],
            [
                -7.970621465842236,
                -7.90096934363279,
                -7.868167737638722
            ],
            [
                -7.962142275591547,
                -7.898188725170954,
                -7.867655348793322
            ]
        ]
    },
    "omega_value": 0.12086,
    "lambda_vector": [
        0,
        0,
        0.05
    ],
    "ci_level": "cas",
    "ignore_coupling": false,
    "number_of_photons": 1,
    "natural_orbitals": false,
    "photon_number_basis": false,
    "canonical_mos": false,
    "coherent_state_basis": true,
    "davidson_roots": 3,
    "davidson_threshold": 1e-05,
    "davidson_maxdim": 20,
    "spin_adaptation": "singlet",
    "davidson_maxiter": 100,
    "davidson_indim": 8,
    "test_mode": false,
    "nact_orbs": 15,
    "nact_els": 4,
    "basis": "6-311g",
    "scf_type": "pk",
    "e_convergence": 1e-10,
    "d_convergence": 1e-10
}
