{
    "molecular_geometry": {
        "z-matrix": [
            "\nLi\nH 1 1.0\nsymmetry c1\n",
            "\nLi\nH 1 1.2222222222222223\nsymmetry c1\n",
            "\nLi\nH 1 1.4444444444444444\nsymmetry c1\n",
            "\nLi\nH 1 1.6666666666666665\nsymmetry c1\n",
            "\nLi\nH 1 1.8888888888888888\nsymmetry c1\n",
            "\nLi\nH 1 2.111111111111111\nsymmetry c1\n",
            "\nLi\nH 1 2.333333333333333\nsymmetry c1\n",
            "\nLi\nH 1 2.5555555555555554\nsymmetry c1\n",
            "\nLi\nH 1 2.7777777777777777\nsymmetry c1\n",
            "\nLi\nH 1 3.0\nsymmetry c1\n"
        ]
    },
    "return_results": {
        "casci_energies": [
            [
                -7.882381954340025,
                -7.762765942535355,
                -7.7306633927432165
            ],
            [
                -7.9530222662773244,
                -7.833568440722826,
                -7.797495457916675
            ],
            [
                -7.977907434954116,
                -7.859212291212693,
                -7.8272550137085775
            ],
            [
                -7.981041350894748,
                -7.8642707394401,
                -7.838327744604856
            ],
            [
                -7.974087461095824,
                -7.861815755495697,
                -7.83848530868063
            ],
            [
                -7.962914957041008,
                -7.858824604260102,
                -7.831314201978334
            ],
            [
                -7.950621946564351,
                -7.857148093179196,
                -7.820540059154672
            ],
            [
                -7.939018734418706,
                -7.8566911616362525,
                -7.809329638628613
            ],
            [
                -7.929249427387393,
                -7.857027207623284,
                -7.799588036905821
            ],
            [
                -7.92168565614227,
                -7.857223478093327,
                -7.8135261275868375
            ]
        ],
        "casscf_energies": [
            [
                -7.913980088721187,
                -7.7962843625604386,
                -7.778302737505275
            ],
            [
                -7.984086782340755,
                -7.866684962922969,
                -7.844932883118833
            ],
            [
                -8.009471415361164,
                -7.89440818032652,
                -7.872898323745436
            ],
            [
                -8.013950007940409,
                -7.903177685268607,
                -7.881457075101185
            ],
            [
                -8.008750178920248,
                -7.90499443107906,
                -7.879327591952379
            ],
            [
                -7.999548742004753,
                -7.9046088685425815,
                -7.871721276301286
            ],
            [
                -7.9891331464268935,
                -7.903413078665801,
                -7.86195400320808
            ],
            [
                -7.9787332500129535,
                -7.901383664295808,
                -7.851661474718961
            ],
            [
                -7.9693262666335425,
                -7.899634256961856,
                -7.842108832812265
            ],
            [
                -7.96040028588344,
                -7.896561835914635,
                -7.866396550876882
            ]
        ]
    },
    "omega_value": 0.12086,
    "lambda_vector": [
        0,
        0,
        0.05
    ],
    "ci_level": "cas",
    "ignore_coupling": false,
    "number_of_photons": 1,
    "natural_orbitals": false,
    "photon_number_basis": false,
    "canonical_mos": false,
    "coherent_state_basis": true,
    "davidson_roots": 3,
    "davidson_threshold": 1e-06,
    "davidson_maxdim": 20,
    "spin_adaptation": "singlet",
    "davidson_maxiter": 100,
    "davidson_indim": 8,
    "test_mode": false,
    "nact_orbs": 7,
    "nact_els": 4,
    "basis": "6-311g",
    "scf_type": "pk",
    "e_convergence": 1e-10,
    "d_convergence": 1e-10
}