{
    "molecular_geometry": {
        "z-matrix": "\nLi\nH 1 3.0\nsymmetry c1\n"
    },
    "return_results": {
        "casci_energies": [
            -3.288725656282099,
            -3.048879461599469,
            -2.9872091994560765
        ],
        "casscf_energies": [
            -7.959182812052716,
            -7.893607695479628,
            -7.82698702842794
        ]
    }
}