{
    "molecular_geometry": {
        "z-matrix": "\nLi\nH 1 2.0\nsymmetry c1\n"
    },
    "return_results": {
        "casci_energies": [
            -7.749776139832262,
            -7.672333263748727,
            -7.6253826017228885
        ],
        "casscf_energies": [
            -8.001657853413743,
            -7.902318413146274,
            -7.872608416710442
        ]
    }
}