{
    "molecular_geometry": {
        "z-matrix": "\nLi\nH 1 2.6\nsymmetry c1\n"
    },
    "return_results": {
        "casci_energies": [
            -3.9736606171048474,
            -3.798675981206068,
            -3.7792615554603195
        ],
        "casscf_energies": [
            -7.974786021396256,
            -7.898673094732367,
            -7.845509060132887
        ]
    }
}