{
    "molecular_geometry": {
        "z-matrix": "\nLi\nH 1 2.7\nsymmetry c1\n"
    },
    "return_results": {
        "casci_energies": [
            -4.332730514745228,
            -4.242530843588959,
            -4.170165913335366
        ],
        "casscf_energies": [
            -7.970558396165521,
            -7.897611058828483,
            -7.8407505234943695
        ]
    }
}