{
    "molecular_geometry": {
        "z-matrix": "\nLi\nH 1 2.2\nsymmetry c1\n"
    },
    "return_results": {
        "casci_energies": [
            -3.1455303895192466,
            -2.9750964583002077,
            -2.9397841426130515
        ],
        "casscf_energies": [
            -7.992928454040779,
            -7.901694195890521,
            -7.864446856195757
        ]
    }
}