{
    "molecular_geometry": {
        "z-matrix": "\nLi\nH 1 2.8\nsymmetry c1\n"
    },
    "return_results": {
        "casci_energies": [
            -3.344647150493438,
            -3.3087256905241698,
            -3.273035113772637
        ],
        "casscf_energies": [
            -7.966535719067305,
            -7.89641821663199,
            -7.8360652695036075
        ]
    }
}