{
    "molecular_geometry": {
        "z-matrix": "\nLi\nH 1 1.0\nsymmetry c1\n"
    },
    "return_results": {
        "casci_energies": [
            -7.8816454383913435,
            -7.761100291236644,
            -7.709694803935007
        ],
        "casscf_energies": [
            -7.910812324063241,
            -7.793321528867364,
            -7.775593607053429
        ]
    }
}