{
    "molecular_geometry": {
        "z-matrix": "\nLi\nH 1 1.4\nsymmetry c1\n"
    },
    "return_results": {
        "casci_energies": [
            -7.966445684476511,
            -7.8555792694289535,
            -7.834672172367552
        ],
        "casscf_energies": [
            -8.003321387770425,
            -7.8876552930991695,
            -7.866246554707098
        ]
    }
}