{
    "molecular_geometry": {
        "z-matrix": "\nLi\nH 1 1.3\nsymmetry c1\n"
    },
    "return_results": {
        "casci_energies": [
            -7.960929161599274,
            -7.845271632099208,
            -7.822912524553819
        ],
        "casscf_energies": [
            -7.993193550622279,
            -7.876550073744795,
            -7.854791792081051
        ]
    }
}