{
    "molecular_geometry": {
        "z-matrix": "\nLi\nH 1 1.9\nsymmetry c1\n"
    },
    "return_results": {
        "casci_energies": [
            -7.945343596792688,
            -7.866726121024562,
            -7.8156124697361165
        ],
        "casscf_energies": [
            -8.005440126188839,
            -7.902251736186293,
            -7.875754851649331
        ]
    }
}