{
    "molecular_geometry": {
        "z-matrix": "\nLi\nH 1 2.9\nsymmetry c1\n"
    },
    "return_results": {
        "casci_energies": [
            -2.5610558493993865,
            -2.551671713083098,
            -2.4744907628953676
        ],
        "casscf_energies": [
            -7.962739320759109,
            -7.895085730322891,
            -7.831473886228909
        ]
    }
}