{
    "molecular_geometry": {
        "z-matrix": "\nLi\nH 1 2.4\nsymmetry c1\n"
    },
    "return_results": {
        "casci_energies": [
            -5.062749753339988,
            -4.983000886029016,
            -4.8732307013178975
        ],
        "casscf_energies": [
            -7.9837199305128985,
            -7.900429309732008,
            -7.855115870457121
        ]
    }
}