{
    "molecular_geometry": {
        "z-matrix": "\nLi\nH 1 1.2\nsymmetry c1\n"
    },
    "return_results": {
        "casci_energies": [
            -7.947824999646259,
            -7.827447419605647,
            -7.774606475649366
        ],
        "casscf_energies": [
            -7.976390711747744,
            -7.8591187004505905,
            -7.837519126534455
        ]
    }
}