{
    "molecular_geometry": {
        "z-matrix": "\nLi\nH 1 2.5\nsymmetry c1\n"
    },
    "return_results": {
        "casci_energies": [
            -3.522738968911621,
            -3.455305444034349,
            -3.3702676144647543
        ],
        "casscf_energies": [
            -7.979187283840971,
            -7.899610630853914,
            -7.850312520563696
        ]
    }
}