{
    "molecular_geometry": {
        "z-matrix": [
            "\nLi\nH 1 1.0\nsymmetry c1\n",
            "\nLi\nH 1 1.2222222222222223\nsymmetry c1\n",
            "\nLi\nH 1 1.4444444444444444\nsymmetry c1\n",
            "\nLi\nH 1 1.6666666666666665\nsymmetry c1\n",
            "\nLi\nH 1 1.8888888888888888\nsymmetry c1\n",
            "\nLi\nH 1 2.111111111111111\nsymmetry c1\n",
            "\nLi\nH 1 2.333333333333333\nsymmetry c1\n",
            "\nLi\nH 1 2.5555555555555554\nsymmetry c1\n",
            "\nLi\nH 1 2.7777777777777777\nsymmetry c1\n",
            "\nLi\nH 1 3.0\nsymmetry c1\n"
        ]
    },
    "return_results": {
        "casci_energies": [
            [
                -7.898826073932939,
                -7.781689368832556,
                -7.763291307609003
            ],
            [
                -7.969260392511009,
                -7.85248706151485,
                -7.829769908587363
            ],
            [
                -7.995065093871633,
                -7.88031997072086,
                -7.858065759795157
            ],
            [
                -7.99968927513414,
                -7.889191716556814,
                -7.866924076352341
            ],
            [
                -7.994555428450339,
                -7.891037316058718,
                -7.864936748741184
            ],
            [
                -7.985372517363431,
                -7.890635614968589,
                -7.857380221912037
            ],
            [
                -7.974971847015275,
                -7.889406808483555,
                -7.847632251337314
            ],
            [
                -7.964709632113775,
                -7.887701238781661,
                -7.837469481484431
            ],
            [
                -7.95523197393123,
                -7.8855137617692534,
                -7.8278109032454415
            ],
            [
                -7.946854819249192,
                -7.882737826325989,
                -7.819296195614468
            ]
        ],
        "casscf_energies": [
            [
                -7.916934026375554,
                -7.799501663414325,
                -7.781042718852979
            ],
            [
                -7.986753669455459,
                -7.869766097052509,
                -7.8469430286876465
            ],
            [
                -8.011939990423834,
                -7.896950961973136,
                -7.87473282346777
            ],
            [
                -8.016093418862352,
                -7.905301636221802,
                -7.88326172792103
            ],
            [
                -8.010634950198208,
                -7.906829507152113,
                -7.881049991815885
            ],
            [
                -8.00122282508326,
                -7.906267174854532,
                -7.8733072380045375
            ],
            [
                -7.990624961496903,
                -7.90484926100131,
                -7.868174961822948
            ],
            [
                -7.980207242425491,
                -7.903099095065928,
                -7.8683571120563185
            ],
            [
                -7.970600081908346,
                -7.900892921336775,
                -7.868137159478282
            ],
            [
                -7.9621219248995265,
                -7.898173932596649,
                -7.8675941053451215
            ]
        ]
    },
    "omega_value": 0.12086,
    "lambda_vector": [
        0,
        0,
        0.05
    ],
    "ci_level": "cas",
    "ignore_coupling": false,
    "number_of_photons": 1,
    "natural_orbitals": false,
    "photon_number_basis": false,
    "canonical_mos": false,
    "coherent_state_basis": true,
    "davidson_roots": 3,
    "davidson_threshold": 1e-05,
    "davidson_maxdim": 20,
    "spin_adaptation": "singlet",
    "davidson_maxiter": 100,
    "davidson_indim": 8,
    "test_mode": false,
    "nact_orbs": 14,
    "nact_els": 4,
    "basis": "6-311g",
    "scf_type": "pk",
    "e_convergence": 1e-10,
    "d_convergence": 1e-10
}