{
    "molecular_geometry": {
        "z-matrix": [
            "\nLi\nH 1 1.0\nsymmetry c1\n",
            "\nLi\nH 1 1.2222222222222223\nsymmetry c1\n",
            "\nLi\nH 1 1.4444444444444444\nsymmetry c1\n",
            "\nLi\nH 1 1.6666666666666665\nsymmetry c1\n",
            "\nLi\nH 1 1.8888888888888888\nsymmetry c1\n",
            "\nLi\nH 1 2.111111111111111\nsymmetry c1\n",
            "\nLi\nH 1 2.333333333333333\nsymmetry c1\n",
            "\nLi\nH 1 2.5555555555555554\nsymmetry c1\n",
            "\nLi\nH 1 2.7777777777777777\nsymmetry c1\n",
            "\nLi\nH 1 3.0\nsymmetry c1\n"
        ]
    },
    "return_results": {
        "casci_energies": [
            [
                -7.885375221890359,
                -7.766645205628484,
                -7.741021683547519
            ],
            [
                -7.955859745556056,
                -7.837496159022028,
                -7.806624411392616
            ],
            [
                -7.981174891704951,
                -7.86408508374828,
                -7.835233474652651
            ],
            [
                -7.985217597055201,
                -7.870790574072555,
                -7.845724340838335
            ],
            [
                -7.979606377600628,
                -7.8703035008693085,
                -7.846073544504819
            ],
            [
                -7.970023561002339,
                -7.868643053353435,
                -7.840151332183957
            ],
            [
                -7.959154466789577,
                -7.867186149600314,
                -7.831040516900934
            ],
            [
                -7.948215444741217,
                -7.865675503573369,
                -7.820825722389478
            ],
            [
                -7.93778282840621,
                -7.863755753551135,
                -7.810637144041847
            ],
            [
                -7.928172207500613,
                -7.861194961207938,
                -7.80124713793487
            ]
        ],
        "casscf_energies": [
            [
                -7.91618005881702,
                -7.798617811285149,
                -7.7801486396540644
            ],
            [
                -7.985978071931369,
                -7.868872276764678,
                -7.846078878304277
            ],
            [
                -8.011114714785599,
                -7.896013142944116,
                -7.874036692229138
            ],
            [
                -8.015351237882921,
                -7.904467854103871,
                -7.882653081410785
            ],
            [
                -8.010005919531407,
                -7.906125343799202,
                -7.880515480702199
            ],
            [
                -8.000696656820313,
                -7.905664725629079,
                -7.872855602103409
            ],
            [
                -7.990197731370328,
                -7.904418963913121,
                -7.86302076592655
            ],
            [
                -7.979576706205555,
                -7.902542182477052,
                -7.867944225684049
            ],
            [
                -7.9699980756155275,
                -7.900373499408904,
                -7.86776736153592
            ],
            [
                -7.961539767052896,
                -7.897648753482839,
                -7.867288053202731
            ]
        ]
    },
    "omega_value": 0.12086,
    "lambda_vector": [
        0,
        0,
        0.05
    ],
    "ci_level": "cas",
    "ignore_coupling": false,
    "number_of_photons": 1,
    "natural_orbitals": false,
    "photon_number_basis": false,
    "canonical_mos": false,
    "coherent_state_basis": true,
    "davidson_roots": 3,
    "davidson_threshold": 1e-05,
    "davidson_maxdim": 20,
    "spin_adaptation": "singlet",
    "davidson_maxiter": 100,
    "davidson_indim": 8,
    "test_mode": false,
    "nact_orbs": 10,
    "nact_els": 4,
    "basis": "6-311g",
    "scf_type": "pk",
    "e_convergence": 1e-10,
    "d_convergence": 1e-10
}
