{
    "molecular_geometry": {
        "z-matrix": [
            "\nLi\nH 1 1.0\nsymmetry c1\n",
            "\nLi\nH 1 1.2222222222222223\nsymmetry c1\n",
            "\nLi\nH 1 1.4444444444444444\nsymmetry c1\n",
            "\nLi\nH 1 1.6666666666666665\nsymmetry c1\n",
            "\nLi\nH 1 1.8888888888888888\nsymmetry c1\n",
            "\nLi\nH 1 2.111111111111111\nsymmetry c1\n",
            "\nLi\nH 1 2.333333333333333\nsymmetry c1\n",
            "\nLi\nH 1 2.5555555555555554\nsymmetry c1\n",
            "\nLi\nH 1 2.7777777777777777\nsymmetry c1\n",
            "\nLi\nH 1 3.0\nsymmetry c1\n"
        ]
    },
    "return_results": {
        "casci_energies": [
            [
                -7.916936228589133,
                -7.799504014279051,
                -7.781051499255746
            ],
            [
                -7.986755881112463,
                -7.869768349077917,
                -7.846950374585877
            ],
            [
                -8.011942319576459,
                -7.8969533893995445,
                -7.874738075464368
            ],
            [
                -8.016096008977804,
                -7.905304233018442,
                -7.8832651061563235
            ],
            [
                -8.010638048997455,
                -7.906832059573351,
                -7.881052552888287
            ],
            [
                -8.001226762172056,
                -7.906269776565078,
                -7.873309983479385
            ],
            [
                -7.990646305892669,
                -7.904951222253318,
                -7.8634036571114985
            ],
            [
                -7.9802313811306655,
                -7.903188587924548,
                -7.853110104815804
            ],
            [
                -7.970625739133006,
                -7.900970882931138,
                -7.843356454066687
            ],
            [
                -7.9621471000379405,
                -7.898190071557652,
                -7.834794100330322
            ]
        ],
        "casscf_energies": [
            [
                -7.916936228589133,
                -7.799504014279051,
                -7.781051499255746
            ],
            [
                -7.986755881112463,
                -7.869768349077917,
                -7.846950374585877
            ],
            [
                -8.011942319576459,
                -7.8969533893995445,
                -7.874738075464368
            ],
            [
                -8.016096008977804,
                -7.905304233018442,
                -7.8832651061563235
            ],
            [
                -8.010638048997455,
                -7.906832059573351,
                -7.881052552888287
            ],
            [
                -8.001226762172056,
                -7.906269776565078,
                -7.873309983479385
            ],
            [
                -7.990646305892669,
                -7.904951222253318,
                -7.8634036571114985
            ],
            [
                -7.9802313811306655,
                -7.903188587924548,
                -7.853110104815804
            ],
            [
                -7.970625739133006,
                -7.900970882931138,
                -7.843356454066687
            ],
            [
                -7.9621471000379405,
                -7.898190071557652,
                -7.834794100330322
            ]
        ]
    },
    "omega_value": 0.12086,
    "lambda_vector": [
        0,
        0,
        0.05
    ],
    "ci_level": "cas",
    "ignore_coupling": false,
    "number_of_photons": 1,
    "natural_orbitals": false,
    "photon_number_basis": false,
    "canonical_mos": false,
    "coherent_state_basis": true,
    "davidson_roots": 3,
    "davidson_threshold": 1e-05,
    "davidson_maxdim": 20,
    "spin_adaptation": "singlet",
    "davidson_maxiter": 100,
    "davidson_indim": 8,
    "test_mode": false,
    "nact_orbs": 16,
    "nact_els": 4,
    "basis": "6-311g",
    "scf_type": "pk",
    "e_convergence": 1e-10,
    "d_convergence": 1e-10
}