{
    "molecular_geometry": {
        "z-matrix": "\nLi\nH 1 1.0\nsymmetry c1\n"
    },
    "return_results": {
        "casci_energies": [
            -5.1704181872596795,
            -5.120948044653238,
            -5.026842127771393
        ],
        "casscf_energies": [
            -7.914974314464686,
            -7.79723597962414,
            -7.7786200714052836
        ]
    }
}
