{
    "molecular_geometry": {
        "z-matrix": "\nLi\nH 1 3.0\nsymmetry c1\n"
    },
    "return_results": {
        "casci_energies": [
            -2.9582609804900883,
            -2.9350668578833603,
            -2.8735493712424165
        ],
        "casscf_energies": [
            -7.960797158565913,
            -7.896913252106916,
            -7.866967513461626
        ]
    }
}