{
    "molecular_geometry": {
        "z-matrix": "\nLi\nH 1 1.4\nsymmetry c1\n"
    },
    "return_results": {
        "casci_energies": [
            -4.510110854205246,
            -4.38918286516828,
            -4.383529412742117
        ],
        "casscf_energies": [
            -8.007232514448269,
            -7.891603067973556,
            -7.869776950332153
        ]
    }
}