{
    "molecular_geometry": {
        "z-matrix": "\nLi\nH 1 2.6\nsymmetry c1\n"
    },
    "return_results": {
        "casci_energies": [
            -5.660180369980544,
            -5.536303547409543,
            -5.507243507688983
        ],
        "casscf_energies": [
            -7.9766753941979305,
            -7.901383297904338,
            -7.8675821436540225
        ]
    }
}