{
    "molecular_geometry": {
        "z-matrix": "\nLi\nH 1 2.1\nsymmetry c1\n"
    },
    "return_results": {
        "casci_energies": [
            -4.540410452723488,
            -4.482871155183898,
            -4.427314385221233
        ],
        "casscf_energies": [
            -8.000515608328586,
            -7.9050215430091555,
            -7.872696652676819
        ]
    }
}