{
    "molecular_geometry": {
        "z-matrix": "\nLi\nH 1 2.0\nsymmetry c1\n"
    },
    "return_results": {
        "casci_energies": [
            -6.5837866798840015,
            -6.537800554493812,
            -6.4647085233497315
        ],
        "casscf_energies": [
            -8.004923588623422,
            -7.905335313982722,
            -7.876502584327589
        ]
    }
}