{
    "molecular_geometry": {
        "z-matrix": "\nLi\nH 1 2.3\nsymmetry c1\n"
    },
    "return_results": {
        "casci_energies": [
            -5.485505170287721,
            -5.4503299349307515,
            -5.394825169755692
        ],
        "casscf_energies": [
            -7.990591588995336,
            -7.903806515831665,
            -7.866961829705871
        ]
    }
}