{
    "molecular_geometry": {
        "z-matrix": "\nLi\nH 1 1.1\nsymmetry c1\n"
    },
    "return_results": {
        "casci_energies": [
            -5.499821992965715,
            -5.442958604390873,
            -5.4059971966216445
        ],
        "casscf_energies": [
            -7.954191120189641,
            -7.836352369148482,
            -7.815641014076869
        ]
    }
}