{
    "molecular_geometry": {
        "z-matrix": "\nLi\nH 1 2.8\nsymmetry c1\n"
    },
    "return_results": {
        "casci_energies": [
            -4.477228655600303,
            -4.307000740917205,
            -4.267790047182183
        ],
        "casscf_energies": [
            -7.968276218020201,
            -7.8993923037640945,
            -7.867396961092897
        ]
    }
}