{
    "molecular_geometry": {
        "z-matrix": "\nLi\nH 1 1.9\nsymmetry c1\n"
    },
    "return_results": {
        "casci_energies": [
            -2.9810199849370367,
            -2.9451116926743564,
            -2.8666157047244014
        ],
        "casscf_energies": [
            -8.008880313935846,
            -7.905414224872059,
            -7.8796034433699536
        ]
    }
}