{
    "molecular_geometry": {
        "z-matrix": "\nLi\nH 1 2.4\nsymmetry c1\n"
    },
    "return_results": {
        "casci_energies": [
            -7.947352275564057,
            -7.857283736177321,
            -7.817291224079684
        ],
        "casscf_energies": [
            -7.98670468227976,
            -7.903619949502005,
            -7.8596397204730835
        ]
    }
}