{
    "molecular_geometry": {
        "z-matrix": "\nLi\nH 1 1.2\nsymmetry c1\n"
    },
    "return_results": {
        "casci_energies": [
            -7.949696734824863,
            -7.830289769771297,
            -7.793603562901132
        ],
        "casscf_energies": [
            -7.980841672528332,
            -7.863632349871382,
            -7.8413982855031445
        ]
    }
}