{
    "molecular_geometry": {
        "z-matrix": "\nLi\nH 1 1.0\nsymmetry c1\n"
    },
    "return_results": {
        "casci_energies": [
            -7.883650968006861,
            -7.764131001535811,
            -7.731472308212261
        ],
        "casscf_energies": [
            -7.9158185722438095,
            -7.798002684214052,
            -7.779621079051472
        ]
    }
}