{
    "molecular_geometry": {
        "z-matrix": "\nLi\nH 1 2.7\nsymmetry c1\n"
    },
    "return_results": {
        "casci_energies": [
            -7.932612920839659,
            -7.857046714915743,
            -7.8193626524827415
        ],
        "casscf_energies": [
            -7.972861769942626,
            -7.9009872126645275,
            -7.86781078836472
        ]
    }
}