{
    "molecular_geometry": {
        "z-matrix": "\nLi\nH 1 1.5\nsymmetry c1\n"
    },
    "return_results": {
        "casci_energies": [
            -7.981073677420981,
            -7.8628282655590755,
            -7.831876894489705
        ],
        "casscf_energies": [
            -8.013094826286626,
            -7.898805941446642,
            -7.877257280363595
        ]
    }
}