{
    "molecular_geometry": {
        "z-matrix": "\nLi\nH 1 2.9\nsymmetry c1\n"
    },
    "return_results": {
        "casci_energies": [
            -7.924959360278757,
            -7.857323640536766,
            -7.8220388304458845
        ],
        "casscf_energies": [
            -7.964899947699986,
            -7.898736231937586,
            -7.867493152169951
        ]
    }
}