{
    "molecular_geometry": {
        "z-matrix": "\nLi\nH 1 1.1\nsymmetry c1\n"
    },
    "return_results": {
        "casci_energies": [
            -7.923385780232623,
            -7.803865520475106,
            -7.767952821126872
        ],
        "casscf_energies": [
            -7.9550327339471645,
            -7.837175422593718,
            -7.815919501055247
        ]
    }
}