{
    "molecular_geometry": {
        "z-matrix": "\nLi\nH 1 2.5\nsymmetry c1\n"
    },
    "return_results": {
        "casci_energies": [
            -7.942074362203078,
            -7.857016847581978,
            -7.81703509201081
        ],
        "casscf_energies": [
            -7.981662016730159,
            -7.90280383111158,
            -7.86786590321209
        ]
    }
}