{
    "molecular_geometry": {
        "z-matrix": "\nLi\nH 1 1.7\nsymmetry c1\n"
    },
    "return_results": {
        "casci_energies": [
            -7.981264162439948,
            -7.865111621057996,
            -7.8393651023202295
        ],
        "casscf_energies": [
            -8.01458698043735,
            -7.9045854082412506,
            -7.882554204561293
        ]
    }
}