{
    "molecular_geometry": {
        "z-matrix": "\nLi\nH 1 1.3\nsymmetry c1\n"
    },
    "return_results": {
        "casci_energies": [
            -7.966394905745812,
            -7.847216174987143,
            -7.811500274900864
        ],
        "casscf_energies": [
            -7.997662184680637,
            -7.881078908083402,
            -7.858606464908871
        ]
    }
}