{
    "molecular_geometry": {
        "z-matrix": [
            "\nLi\nH 1 1.0\nsymmetry c1\n",
            "\nLi\nH 1 1.2222222222222223\nsymmetry c1\n",
            "\nLi\nH 1 1.4444444444444444\nsymmetry c1\n",
            "\nLi\nH 1 1.6666666666666665\nsymmetry c1\n",
            "\nLi\nH 1 1.8888888888888888\nsymmetry c1\n",
            "\nLi\nH 1 2.111111111111111\nsymmetry c1\n",
            "\nLi\nH 1 2.333333333333333\nsymmetry c1\n",
            "\nLi\nH 1 2.5555555555555554\nsymmetry c1\n",
            "\nLi\nH 1 2.7777777777777777\nsymmetry c1\n",
            "\nLi\nH 1 3.0\nsymmetry c1\n"
        ]
    },
    "return_results": {
        "casci_energies": [
            [
                -7.891620365221693,
                -7.7730771406543315,
                -7.747859344653797
            ],
            [
                -7.9617072166571266,
                -7.843686015503929,
                -7.813797976811231
            ],
            [
                -7.9862193857538,
                -7.869597451615839,
                -7.841668370164775
            ],
            [
                -7.9891862305501,
                -7.875306927519675,
                -7.85066096380705
            ],
            [
                -7.98224890361155,
                -7.873332320112465,
                -7.8492777851096385
            ],
            [
                -7.972100531438642,
                -7.871050574225645,
                -7.842950007993096
            ],
            [
                -7.9627737312696745,
                -7.872169386560334,
                -7.835262307781563
            ],
            [
                -7.952077846208602,
                -7.871029662191619,
                -7.82496032381946
            ],
            [
                -7.9410587449197605,
                -7.868177749613245,
                -7.814005558387899
            ],
            [
                -7.930598178088214,
                -7.864363441585543,
                -7.803713927667551
            ]
        ],
        "casscf_energies": [
            [
                -7.916900344708839,
                -7.7994476840359885,
                -7.780951300903183
            ],
            [
                -7.986726620524384,
                -7.869716410787245,
                -7.846847032463755
            ],
            [
                -8.01191661283791,
                -7.896890604467388,
                -7.874641904739739
            ],
            [
                -8.016072355913147,
                -7.905218267781865,
                -7.883191618364663
            ],
            [
                -8.010615701247314,
                -7.906724835387095,
                -7.8810030590058835
            ],
            [
                -8.001204546928872,
                -7.906156060148589,
                -7.873270665482594
            ],
            [
                -7.99062229264826,
                -7.9048431671335075,
                -7.86336178086886
            ],
            [
                -7.980068454024428,
                -7.903009467684377,
                -7.868353533860692
            ],
            [
                -7.970577304386447,
                -7.900875139715471,
                -7.8680419858155215
            ],
            [
                -7.962101318860187,
                -7.89810609075635,
                -7.867563663275956
            ]
        ]
    },
    "omega_value": 0.12086,
    "lambda_vector": [
        0,
        0,
        0.05
    ],
    "ci_level": "cas",
    "ignore_coupling": false,
    "number_of_photons": 1,
    "natural_orbitals": false,
    "photon_number_basis": false,
    "canonical_mos": false,
    "coherent_state_basis": true,
    "davidson_roots": 3,
    "davidson_threshold": 1e-05,
    "davidson_maxdim": 20,
    "spin_adaptation": "singlet",
    "davidson_maxiter": 100,
    "davidson_indim": 8,
    "test_mode": false,
    "nact_orbs": 13,
    "nact_els": 4,
    "basis": "6-311g",
    "scf_type": "pk",
    "e_convergence": 1e-10,
    "d_convergence": 1e-10
}